{
  "delay": [
    56.991722667589784,
    56.999349035322666,
    57.01988912187517,
    56.904584520003375,
    56.8983091507107,
    56.76651678833307,
    56.820712837518435,
    56.85813599603283,
    56.82716891169548
  ],
  "acc": [
    0.6136027727517157,
    0.6136027727517157,
    0.6136027727517156,
    0.6141408921266851,
    0.6136027727517157,
    0.6141408921266851,
    0.6141408921266851,
    0.613884713852601,
    0.6136027727517157
  ]
}