{
  "detection_delay": [
    0.058358757495880126,
    0.05702622175216675,
    0.058562669754028324,
    0.060221517086029054,
    0.05912494659423828,
    0.061431751251220704,
    0.057868621349334716,
    0.05868192434310913,
    0.05861195564270019,
    0.05970856904983521,
    0.05977647066116333,
    0.06011110067367554,
    0.05956584930419922,
    0.06219106912612915,
    0.05967777967453003
  ],
  "detection_acc": [
    0.6414696706452329,
    0.6387347575360637,
    0.6301029447490005,
    0.6344622971616143,
    0.638570754872061,
    0.6343356983888409,
    0.6414234666446582,
    0.6903776104795786,
    0.597018554106647,
    0.6305426177545944,
    0.5959430421126316,
    0.61370801989627,
    0.6417325004486782,
    0.6315630657340403,
    0.6392850405863468
  ],
  "tracker_delay": [
    0.011578051730839893,
    0.012646068226207386,
    0.015071719583838877,
    0.018048479099466344,
    0.018371825266366052,
    0.022013791883834684,
    0.0252532260586517,
    0.02678138559514826,
    0.027401678489916252,
    0.031209647053419942,
    0.031929598914252386,
    0.03311717389809965,
    0.033679420297796074,
    0.03658919141750143,
    0.043843233224117394
  ],
  "tracker_acc": [
    0.6336630084148076,
    0.6326816741148732,
    0.6239694052186204,
    0.6268212295766064,
    0.6347196258432274,
    0.6293100364065267,
    0.6368442749347503,
    0.6836965009819775,
    0.592275710921186,
    0.6254098830142271,
    0.592084134555095,
    0.6107239442499093,
    0.6313790934837585,
    0.6259720680317367,
    0.6370954157684244
  ]
}