{
  "delay": [
    57.131574023514986,
    38.55277434922755,
    25.041383458301425,
    20.562956613652847,
    18.301942851394415,
    16.81537487927605,
    15.83142303952984,
    15.164070166720338,
    14.749777968972921
  ],
  "acc": [
    0.6136027727517157,
    0.6126668987890387,
    0.6092495102254696,
    0.5986561540079947,
    0.5743614450033012,
    0.544196484443059,
    0.5084435348189204,
    0.4685734807682447,
    0.4387057101160052
  ]
}